{"epoch": 2, "train/loss": 3.656825251283899, "train/accuracy": 0.48910596689819236, "train/WER": 0.5108940423514539, "train/PER": 0.5045256284673708, "_timestamp": 1716845530.0743198, "_runtime": 76.15416383743286, "_step": 3, "validation/loss": 3.5887723220022103, "validation/accuracy": 0.5102796174193683, "validation/WER": 0.4897203947368421, "validation/PER": 0.4768793672700224, "_wandb": {"runtime": 75}}