{"train/loss": 226.70886841633393, "_timestamp": 1716321719.7818766, "_runtime": 646.8746075630188, "_step": 0, "_wandb": {"runtime": 646}}