{"graph": {"_type": "graph-file", "sha256": "635f8e6c48172e7aab4235638ea7175176fa1a078ee2a61da98a3a78f8f8829e", "size": 792, "path": "media/graph/graph_summary_635f8e6c48172e7aab42.graph.json"}, "epoch": 0, "_timestamp": 1716230575.7642283, "loss": 1.2319246530532837, "accuracy": 0.06266570836305618, "val_loss": 0.8096160888671875, "val_accuracy": 0.0411667600274086, "_runtime": 312.0272943973541, "_step": 1, "best_val_loss": 0.8096160888671875, "best_epoch": 0, "evaluate/accuracy": 0.0411667600274086, "_wandb": {"runtime": 311}}