{"epoch": 2, "train/loss": 3.579104518468401, "train/accuracy": 0.32720191369835255, "train/WER": 0.756177899810367, "train/PER": 0.5421997349534681, "_timestamp": 1716847768.14976, "_runtime": 79.24343490600586, "_step": 4, "validation/loss": 3.399723790193859, "validation/accuracy": 0.3917740938617637, "validation/WER": 0.6997841282894736, "validation/PER": 0.496330983127344, "test/loss": 3.3861170850302043, "test/accuracy": 0.38637031430256513, "test/WER": 0.7052665844298245, "test/PER": 0.5029467942738911, "_wandb": {"runtime": 123}}