{"train/loss": 226.81805334548542, "_timestamp": 1716322774.5845175, "_runtime": 542.094824552536, "_step": 0, "_wandb": {"runtime": 553}}