{"epoch": 25, "train/loss": 0.48679588358581155, "train/accuracy": 0.7313724017166133, "train/WER": 0.07373090536294488, "train/PER": 0.03224619398442949, "_timestamp": 1716906321.912489, "_runtime": 4698.845370054245, "_step": 50, "validation/loss": 1.2499632999437664, "validation/accuracy": 0.5252368044471027, "validation/WER": 0.20092523175985802, "validation/PER": 0.06120390936449671, "test/loss": 1.2493387195495291, "test/accuracy": 0.5267262572284015, "test/WER": 0.20370219802335435, "test/PER": 0.06097704758404787, "_wandb": {"runtime": 4929}}