{"epoch": 2, "train/loss": 3.6589967265593266, "train/accuracy": 0.4867868986541191, "train/WER": 0.5132131005056888, "train/PER": 0.5018464360275589, "_timestamp": 1716846813.580691, "_runtime": 90.1149320602417, "_step": 4, "validation/loss": 3.5359079147640027, "validation/accuracy": 0.5169407913559362, "validation/WER": 0.48305921052631556, "validation/PER": 0.47097967787420925, "test/loss": 3.5598717614224085, "test/accuracy": 0.512787830672766, "test/WER": 0.4872121710526316, "test/PER": 0.4759724404456107, "_wandb": {"runtime": 130}}