{"epoch": 2, "train/loss": 3.6075441151593637, "train/accuracy": 0.31844176410042596, "train/WER": 0.23255315331331652, "train/PER": 0.15607194077242234, "_timestamp": 1716851757.7380939, "_runtime": 53.46734595298767, "_step": 4, "validation/loss": 3.4140703678131104, "validation/accuracy": 0.3814570593311079, "validation/WER": 0.21651275813230997, "validation/PER": 0.14074548021485228, "test/loss": 3.4310927485164844, "test/accuracy": 0.37544344891844633, "test/WER": 0.2157988966557017, "test/PER": 0.1442746962482319, "_wandb": {"runtime": 72}}