{"epoch": 2, "train/loss": 3.5830656184559375, "train/accuracy": 0.3105472831632117, "train/WER": 0.7651838390223351, "train/PER": 0.5483273065879635, "_timestamp": 1716847630.151391, "_runtime": 72.6140730381012, "_step": 3, "validation/loss": 3.379514653431742, "validation/accuracy": 0.3627014883083855, "validation/WER": 0.7166084155701753, "validation/PER": 0.5056055166735676, "_wandb": {"runtime": 72}}