{"train/loss": 226.70683074463324, "_timestamp": 1716324625.250911, "_runtime": 761.2596940994263, "_step": 0, "_wandb": {"runtime": 762}}