{"epoch": 25, "train/loss": 0.5264704110611452, "train/accuracy": 0.7184017421594164, "train/WER": 0.06847793602002417, "train/PER": 0.033808973111919466, "_timestamp": 1716894457.5206552, "_runtime": 4666.167239189148, "_step": 50, "validation/loss": 1.304755114087271, "validation/accuracy": 0.5080920766216072, "validation/WER": 0.16679706855764578, "validation/PER": 0.06353615584216524, "test/loss": 1.3201495225823254, "test/accuracy": 0.5033567160847573, "test/WER": 0.16640556138657064, "test/PER": 0.06442071519110773, "_wandb": {"runtime": 4896}}