{"epoch": 2, "train/loss": 3.4887219045014506, "train/accuracy": 0.4619271496755887, "train/WER": 0.5380728508217448, "train/PER": 0.5435891334772299, "_timestamp": 1716831445.090938, "_runtime": 105.53035020828247, "_step": 4, "validation/loss": 3.3250380534874764, "validation/accuracy": 0.5006167774921969, "validation/WER": 0.4993832236842105, "validation/PER": 0.5001387867660483, "test/loss": 3.322461413709741, "test/accuracy": 0.4984786165388007, "_wandb": {"runtime": 114}}