{"epoch": 25, "train/loss": 0.24304534337422018, "train/accuracy": 0.8524003003775628, "train/WER": 0.032503728044840294, "train/PER": 0.024112512958895164, "_timestamp": 1716930144.6439774, "_runtime": 5142.677164316177, "_step": 50, "validation/loss": 1.0866744959846548, "validation/accuracy": 0.6283327993012974, "validation/WER": 0.09244489536787438, "validation/PER": 0.059550800722676954, "test/loss": 1.0905806578080588, "test/accuracy": 0.6290958386362687, "test/WER": 0.0940135868214011, "test/PER": 0.05939224566113538, "_wandb": {"runtime": 5473}}