{"epoch": 5, "train/loss": 2.7369469906250514, "train/accuracy": 0.08047809543821212, "train/WER": 0.19444274763828912, "train/PER": 0.12773981797502124, "_timestamp": 1716896058.5061967, "_runtime": 941.2074906826019, "_step": 9, "validation/loss": 2.736663470574475, "validation/accuracy": 0.07955980602150704, "validation/WER": 0.19452927963916627, "validation/PER": 0.1263135586937649}