{"epoch": 1, "train/loss": 2.337537040936819, "train/accuracy": 0.19269235191904144, "train/WER": 0.20827579081061853, "train/PER": 0.09831831097713394, "_timestamp": 1716894911.8152406, "_runtime": 210.4236147403717, "_step": 1, "validation/loss": 2.0073322932654563, "validation/accuracy": 0.27024717053427927, "validation/WER": 0.19221276771165433, "validation/PER": 0.08300409798541543}