{"epoch": 2, "train/loss": 3.4496168204113444, "train/accuracy": 0.4725169888903609, "train/WER": 0.5274830120101136, "train/PER": 0.5332816262238079, "_timestamp": 1716831718.7953224, "_runtime": 79.89437937736511, "_step": 4, "validation/loss": 3.312927079828162, "validation/accuracy": 0.5039062507842716, "validation/WER": 0.4960937499999999, "validation/PER": 0.4896059906832931, "test/loss": 3.273964778373116, "test/accuracy": 0.5084703948936964, "_wandb": {"runtime": 88}}