{"epoch": 2, "train/loss": 3.6593084366975632, "train/accuracy": 0.49029709293251544, "train/WER": 0.5097029077117571, "train/PER": 0.5001181696114368, "_timestamp": 1716829925.3019423, "_runtime": 120.29288935661316, "_step": 4, "validation/loss": 3.6350315119090832, "validation/accuracy": 0.5076069094632801, "validation/WER": 0.49239309210526305, "validation/PER": 0.4831805944763388, "test/loss": 3.5974580833786414, "test/accuracy": 0.5153782877482866, "_wandb": {"runtime": 142}}