{"epoch": 2, "train/loss": 3.6369280656882093, "train/accuracy": 0.49571744649283656, "train/WER": 0.5042825537294561, "train/PER": 0.4917297011907873, "_timestamp": 1716830244.1287138, "_runtime": 136.94928288459778, "_step": 4, "validation/loss": 3.585685350392994, "validation/accuracy": 0.5194901329906363, "validation/WER": 0.4805098684210526, "validation/PER": 0.4642957151926107, "test/loss": 3.567792817165977, "test/accuracy": 0.5189144760370255, "_wandb": {"runtime": 224}}