{"epoch": 25, "train/loss": 0.31455360720387643, "train/accuracy": 0.810834285398424, "train/WER": 0.05387858670412134, "train/PER": 0.023475466558709825, "_timestamp": 1716900974.7826335, "_runtime": 4752.330764532089, "_step": 50, "validation/loss": 1.1847658186057293, "validation/accuracy": 0.5604350022160649, "validation/WER": 0.17266025233717364, "validation/PER": 0.05722654857834129, "test/loss": 1.1959980853380414, "test/accuracy": 0.5589424459747849, "test/WER": 0.16709842224402885, "test/PER": 0.057415431661777705, "_wandb": {"runtime": 4984}}