{"epoch": 2, "train/loss": 3.6581712971746394, "train/accuracy": 0.49198799811105814, "train/WER": 0.5080120101137797, "train/PER": 0.5024809517165894, "_timestamp": 1716845727.9763007, "_runtime": 61.831005811691284, "_step": 4, "validation/loss": 3.5590312104476127, "validation/accuracy": 0.5149671156939707, "validation/WER": 0.48503289473684197, "validation/PER": 0.4793343506804109, "test/loss": 3.5993208351888155, "test/accuracy": 0.5123355392562715, "test/WER": 0.48766447368421045, "test/PER": 0.4816182206817788, "_wandb": {"runtime": 81}}