{"epoch": 8, "train/loss": 2.38264741019487, "train/accuracy": 0.16616600847306537, "train/WER": 0.2377025236741496, "train/PER": 0.0976846756816054, "_timestamp": 1716913350.6163743, "_runtime": 1566.8266713619232, "_step": 15, "validation/loss": 2.405657570843303, "validation/accuracy": 0.1670550671430922, "validation/WER": 0.2203109362325111, "validation/PER": 0.09706582056116596}