{"epoch": 2, "train/loss": 3.754960936782634, "train/accuracy": 0.483298435016016, "train/WER": 0.5167015644753474, "train/PER": 0.5182655313682658, "_timestamp": 1716846997.6614525, "_runtime": 117.91748356819153, "_step": 4, "validation/loss": 3.6771842209916366, "validation/accuracy": 0.512705591556273, "validation/WER": 0.487294407894737, "validation/PER": 0.47817288363135385, "test/loss": 3.687121529328196, "test/accuracy": 0.5113075638287946, "test/WER": 0.4886924342105262, "test/PER": 0.4798883170989765, "_wandb": {"runtime": 135}}