{"epoch": 25, "train/loss": 0.22176744129400341, "train/accuracy": 0.851790507784738, "train/WER": 0.04314894329706829, "train/PER": 0.01967011096475339, "_timestamp": 1716976478.3775227, "_runtime": 4824.864725589752, "_step": 50, "validation/loss": 1.302790171509489, "validation/accuracy": 0.5575871525388775, "validation/WER": 0.14628230519948987, "validation/PER": 0.05770431437746312, "test/loss": 1.3062138625788033, "test/accuracy": 0.5549002117752531, "test/WER": 0.15150480636629107, "test/PER": 0.05787516477327098, "_wandb": {"runtime": 5130}}