{"epoch": 1, "train/loss": 2.085396279419728, "train/accuracy": 0.26206792533570705, "train/WER": 0.19981335266340097, "train/PER": 0.08833175538121517, "_timestamp": 1716922121.4994814, "_runtime": 218.1453845500946, "_step": 1, "validation/loss": 1.7301177450823129, "validation/accuracy": 0.34617438234167364, "validation/WER": 0.16143034694314365, "validation/PER": 0.07703580629299595}