{"epoch": 2, "train/loss": 3.4670806247576147, "train/accuracy": 0.47151153580804844, "train/WER": 0.5284884639696588, "train/PER": 0.5306192806323424, "_timestamp": 1716832327.169349, "_runtime": 80.22717690467834, "_step": 4, "validation/loss": 3.2906386036621895, "validation/accuracy": 0.5070723679504896, "validation/WER": 0.49292763157894753, "validation/PER": 0.48933191328956116, "test/loss": 3.299047843406075, "test/accuracy": 0.503659541277509, "test/WER": 0.4963404605263156, "test/PER": 0.4961553765701586, "_wandb": {"runtime": 121}}