{"graph": {"_type": "graph-file", "sha256": "635f8e6c48172e7aab4235638ea7175176fa1a078ee2a61da98a3a78f8f8829e", "size": 792, "path": "media/graph/graph_summary_635f8e6c48172e7aab42.graph.json"}, "epoch": 0, "_timestamp": 1716276700.6919167, "loss": 1.233568787574768, "accuracy": 0.06429314613342285, "val_loss": 0.808050274848938, "val_accuracy": 0.03775809332728386, "_runtime": 337.3567397594452, "_step": 1, "best_val_loss": 0.808050274848938, "best_epoch": 0, "evaluate/accuracy": 0.03775809332728386, "_wandb": {"runtime": 338}}