{"graph": {"_type": "graph-file", "sha256": "635f8e6c48172e7aab4235638ea7175176fa1a078ee2a61da98a3a78f8f8829e", "size": 792, "path": "media/graph/graph_summary_635f8e6c48172e7aab42.graph.json"}, "epoch": 0, "_timestamp": 1716274475.833055, "loss": 1.2304084300994873, "accuracy": 0.06229247525334358, "val_loss": 0.8154098987579346, "val_accuracy": 0.03705977275967598, "_runtime": 360.53218507766724, "_step": 1, "best_val_loss": 0.8154098987579346, "best_epoch": 0, "evaluate/accuracy": 0.03705977275967598, "_wandb": {"runtime": 369}}