{"graph": {"_type": "graph-file", "sha256": "635f8e6c48172e7aab4235638ea7175176fa1a078ee2a61da98a3a78f8f8829e", "size": 792, "path": "media/graph/graph_summary_635f8e6c48172e7aab42.graph.json"}, "epoch": 0, "_timestamp": 1716277153.4653044, "loss": 1.2429299354553223, "accuracy": 0.06203041970729828, "val_loss": 0.8051079511642456, "val_accuracy": 0.03535931184887886, "_runtime": 375.70607233047485, "_step": 1, "best_val_loss": 0.8051079511642456, "best_epoch": 0, "evaluate/accuracy": 0.03535931184887886, "_wandb": {"runtime": 375}}