{"graph": {"_type": "graph-file", "sha256": "635f8e6c48172e7aab4235638ea7175176fa1a078ee2a61da98a3a78f8f8829e", "size": 792, "path": "media/graph/graph_summary_635f8e6c48172e7aab42.graph.json"}, "epoch": 2, "_timestamp": 1716235044.0615575, "loss": 1.1367417573928833, "accuracy": 0.08183268457651138, "val_loss": 0.7486676573753357, "val_accuracy": 0.05007905513048172, "_runtime": 1188.718689441681, "_step": 3, "best_val_loss": 0.7486676573753357, "best_epoch": 2, "evaluate/accuracy": 0.05007905513048172, "_wandb": {"runtime": 1191}}