{"graph": {"_type": "graph-file", "sha256": "635f8e6c48172e7aab4235638ea7175176fa1a078ee2a61da98a3a78f8f8829e", "size": 792, "path": "media/graph/graph_summary_635f8e6c48172e7aab42.graph.json"}, "epoch": 0, "_timestamp": 1716231316.1662655, "loss": 1.2383159399032593, "accuracy": 0.06273199617862701, "val_loss": 0.805255115032196, "val_accuracy": 0.03213510662317276, "_runtime": 357.45321440696716, "_step": 1, "best_val_loss": 0.805255115032196, "best_epoch": 0, "evaluate/accuracy": 0.03213510662317276, "_wandb": {"runtime": 357}}