{"epoch": 25, "train/loss": 0.3238761718021235, "train/accuracy": 0.8063772384729722, "train/WER": 0.05495076438258392, "train/PER": 0.023921124297825343, "_timestamp": 1716971082.3273208, "_runtime": 4761.360151767731, "_step": 50, "validation/loss": 1.2274233854691916, "validation/accuracy": 0.5556827381461544, "validation/WER": 0.1462297624526008, "validation/PER": 0.05721577297015756, "test/loss": 1.205169374379543, "test/accuracy": 0.5583974506798242, "test/WER": 0.14660239118739743, "test/PER": 0.056154894770204654, "_wandb": {"runtime": 5066}}