{"epoch": 2, "train/loss": 3.687481988847783, "train/accuracy": 0.4871108578105943, "train/WER": 0.5128891434892545, "train/PER": 0.5049263276446762, "_timestamp": 1716832155.5901651, "_runtime": 91.85004019737244, "_step": 4, "validation/loss": 3.6131098395899723, "validation/accuracy": 0.5087993427326805, "validation/WER": 0.4912006578947368, "validation/PER": 0.4777729610833569, "test/loss": 3.608523462948046, "test/accuracy": 0.5133223670877909, "test/WER": 0.48667763157894744, "test/PER": 0.47382926360511407, "_wandb": {"runtime": 133}}