{"train/loss": 226.7433871714726, "_timestamp": 1716327074.4185824, "_runtime": 424.45313239097595, "_step": 0, "_wandb": {"runtime": 423}}