{"graph": {"_type": "graph-file", "sha256": "635f8e6c48172e7aab4235638ea7175176fa1a078ee2a61da98a3a78f8f8829e", "size": 792, "path": "media/graph/graph_summary_635f8e6c48172e7aab42.graph.json"}, "epoch": 0, "_timestamp": 1716232212.4265008, "loss": 1.2327393293380737, "accuracy": 0.06189322844147682, "val_loss": 0.8187304139137268, "val_accuracy": 0.03215913474559784, "_runtime": 317.2583498954773, "_step": 1, "best_val_loss": 0.8187304139137268, "best_epoch": 0, "evaluate/accuracy": 0.03215913474559784, "_wandb": {"runtime": 316}}