{"epoch": 2, "train/loss": 3.5288213364845884, "train/accuracy": 0.47778721668023977, "train/WER": 0.5222127844500635, "train/PER": 0.5301636508661831, "_timestamp": 1716847164.3576407, "_runtime": 89.8520827293396, "_step": 4, "validation/loss": 3.3642038546110453, "validation/accuracy": 0.5134046058121481, "validation/WER": 0.48659539473684205, "validation/PER": 0.49091599566825705, "test/loss": 3.359838473169427, "test/accuracy": 0.5075246719153303, "test/WER": 0.4924753289473685, "test/PER": 0.4969724035672844, "_wandb": {"runtime": 140}}