{"graph": {"_type": "graph-file", "sha256": "635f8e6c48172e7aab4235638ea7175176fa1a078ee2a61da98a3a78f8f8829e", "size": 792, "path": "media/graph/graph_summary_635f8e6c48172e7aab42.graph.json"}, "epoch": 2, "_timestamp": 1716233640.3668194, "loss": 1.1425906419754028, "accuracy": 0.08244311809539795, "val_loss": 0.7466698884963989, "val_accuracy": 0.05138501524925232, "_runtime": 1223.4181954860687, "_step": 3, "best_val_loss": 0.7466698884963989, "best_epoch": 2, "evaluate/accuracy": 0.05138501524925232, "_wandb": {"runtime": 1222}}