{"epoch": 2, "train/loss": 3.676664335537801, "train/accuracy": 0.4888017536264605, "train/WER": 0.511198245891277, "train/PER": 0.5014769618290609, "_timestamp": 1716829615.4001238, "_runtime": 121.27884483337402, "_step": 4, "validation/loss": 3.621056898644096, "validation/accuracy": 0.5097861842889535, "validation/WER": 0.4902138157894738, "validation/PER": 0.4704096641206017, "test/loss": 3.5588742118132743, "test/accuracy": 0.5196957254880353, "_wandb": {"runtime": 197}}