{"epoch": 25, "train/loss": 0.22548788398002229, "train/accuracy": 0.8485037720443801, "train/WER": 0.04390663493987514, "train/PER": 0.01996278437641183, "_timestamp": 1716911342.327215, "_runtime": 4758.362292051315, "_step": 50, "validation/loss": 1.291178246225239, "validation/accuracy": 0.5564007803157599, "validation/WER": 0.14984717757965413, "validation/PER": 0.057764483438933645, "test/loss": 1.2914801830545477, "test/accuracy": 0.5556286337916562, "test/WER": 0.15879772619599378, "test/PER": 0.05795426960482474, "_wandb": {"runtime": 4986}}