{"epoch": 25, "train/loss": 0.2928821174328031, "train/accuracy": 0.837990620484075, "train/WER": 0.03697005466264748, "train/PER": 0.024962273535825683, "_timestamp": 1716918335.3632631, "_runtime": 4698.363198041916, "_step": 50, "validation/loss": 1.0177629974525455, "validation/accuracy": 0.6384225070066123, "validation/WER": 0.09100387591658107, "validation/PER": 0.056478097314776175, "test/loss": 1.0058371033690392, "test/accuracy": 0.6392988979923498, "test/WER": 0.09371107619569989, "test/PER": 0.056075981516981795, "_wandb": {"runtime": 4926}}