{"epoch": 1, "train/loss": 1.9319725745852472, "train/accuracy": 0.333722302225001, "train/WER": 0.14838005433079862, "train/PER": 0.0974519436478288, "_timestamp": 1716922345.304147, "_runtime": 212.78782296180725, "_step": 1, "validation/loss": 1.6136625018141686, "validation/accuracy": 0.42827033192100983, "validation/WER": 0.11765734143397914, "validation/PER": 0.08509259712321351}